reference_name,meeting_id,start_segment,end_segment
20210323-SP01F,20210323,378,383
20210323-SP06M,20210323,378,383
20210323-SP03M,20210323,378,383
20210323-SP01F,20210323,1113,1118
20210323-SP03M,20210323,1113,1118
20210323-SP06M,20210323,1113,1118
20210323-SP06M,20210323,1074,1079
20210323-SP03M,20210323,1074,1079
20210323-SP01F,20210323,1074,1079
20210323-SP06M,20210323,1182,1187
20210323-SP01F,20210323,1182,1187
20210323-SP03M,20210323,1182,1187
20210323-SP03M,20210323,255,260
20210323-SP01F,20210323,255,260
20210323-SP06M,20210323,255,260
20210323-SP06M,20210323,273,278
20210323-SP03M,20210323,273,278
20210323-SP01F,20210323,273,278
20210323-SP01F,20210323,3,8
20210323-SP03M,20210323,3,8
20210323-SP06M,20210323,3,8
20210323-SP06M,20210323,249,254
20210323-SP03M,20210323,249,254
20210323-SP01F,20210323,249,254
20210323-SP03M,20210323,1107,1112
20210323-SP01F,20210323,1107,1112
20210323-SP06M,20210323,1107,1112
20210323-SP03M,20210323,1116,1121
20210323-SP06M,20210323,1116,1121
20210323-SP01F,20210323,1116,1121
20210323-SP06M,20210323,210,215
20210323-SP01F,20210323,210,215
20210323-SP03M,20210323,210,215
20210323-SP07F,20210323,966,971
20210323-SP03M,20210323,966,971
20210323-SP06M,20210323,966,971
20210323-SP06M,20210323,957,962
20210323-SP07F,20210323,957,962
20210323-SP03M,20210323,957,962
20210323-SP07F,20210323,849,854
20210323-SP06M,20210323,849,854
20210323-SP03M,20210323,849,854
20210323-SP06M,20210323,1248,1253
20210323-SP03M,20210323,1248,1253
20210323-SP07F,20210323,1248,1253
20210323-SP06M,20210323,948,953
20210323-SP03M,20210323,948,953
20210323-SP07F,20210323,948,953
20210323-SP06M,20210323,852,857
20210323-SP07F,20210323,852,857
20210323-SP03M,20210323,852,857
20210323-SP03M,20210323,846,851
20210323-SP06M,20210323,846,851
20210323-SP07F,20210323,846,851
20210323-SP03M,20210323,837,842
20210323-SP07F,20210323,837,842
20210323-SP06M,20210323,837,842
20210323-SP06M,20210323,732,737
20210323-SP07F,20210323,732,737
20210323-SP03M,20210323,732,737
20210323-SP03M,20210323,747,752
20210323-SP06M,20210323,747,752
20210323-SP07F,20210323,747,752
20210323-SP01F,20210323,72,77
20210323-SP06M,20210323,72,77
20210323-SP07F,20210323,72,77
20210323-SP06M,20210323,3,8
20210323-SP07F,20210323,3,8
20210323-SP01F,20210323,3,8
20210323-SP01F,20210323,417,422
20210323-SP03M,20210323,417,422
20210323-SP07F,20210323,417,422
20210323-SP03M,20210323,1128,1133
20210323-SP01F,20210323,1128,1133
20210323-SP07F,20210323,1128,1133
20210323-SP01F,20210323,621,626
20210323-SP03M,20210323,621,626
20210323-SP07F,20210323,621,626
20210323-SP07F,20210323,618,623
20210323-SP03M,20210323,618,623
20210323-SP01F,20210323,618,623
20210323-SP03M,20210323,984,989
20210323-SP07F,20210323,984,989
20210323-SP01F,20210323,984,989
20210323-SP07F,20210323,426,431
20210323-SP03M,20210323,426,431
20210323-SP01F,20210323,426,431
20210323-SP01F,20210323,1149,1154
20210323-SP03M,20210323,1149,1154
20210323-SP07F,20210323,1149,1154
20210323-SP01F,20210323,810,815
20210323-SP03M,20210323,810,815
20210323-SP07F,20210323,810,815
20210323-SP03M,20210323,1002,1007
20210323-SP01F,20210323,1002,1007
20210323-SP07F,20210323,1002,1007
20210323-SP01F,20210323,438,443
20210323-SP03M,20210323,438,443
20210323-SP07F,20210323,438,443
20210504-SP09M,20210504,243,248
20210504-SP04F,20210504,243,248
20210504-SP08M,20210504,243,248
20210504-SP09M,20210504,57,62
20210504-SP08M,20210504,57,62
20210504-SP04F,20210504,57,62
20210504-SP08M,20210504,411,416
20210504-SP04F,20210504,411,416
20210504-SP09M,20210504,411,416
20210504-SP08M,20210504,438,443
20210504-SP04F,20210504,438,443
20210504-SP09M,20210504,438,443
20210504-SP08M,20210504,681,686
20210504-SP09M,20210504,681,686
20210504-SP04F,20210504,681,686
20210504-SP09M,20210504,483,488
20210504-SP04F,20210504,483,488
20210504-SP08M,20210504,483,488
20210504-SP04F,20210504,657,662
20210504-SP09M,20210504,657,662
20210504-SP08M,20210504,657,662
20210504-SP08M,20210504,564,569
20210504-SP09M,20210504,564,569
20210504-SP04F,20210504,564,569
20210504-SP09M,20210504,222,227
20210504-SP08M,20210504,222,227
20210504-SP04F,20210504,222,227
20210504-SP08M,20210504,663,668
20210504-SP04F,20210504,663,668
20210504-SP09M,20210504,663,668
20210504-SP08M,20210504,375,380
20210504-SP09M,20210504,375,380
20210504-SP01F,20210504,375,380
20210504-SP08M,20210504,711,716
20210504-SP01F,20210504,711,716
20210504-SP09M,20210504,711,716
20210504-SP08M,20210504,708,713
20210504-SP01F,20210504,708,713
20210504-SP09M,20210504,708,713
20210504-SP08M,20210504,552,557
20210504-SP01F,20210504,552,557
20210504-SP09M,20210504,552,557
20210504-SP09M,20210504,555,560
20210504-SP08M,20210504,555,560
20210504-SP01F,20210504,555,560
20210504-SP01F,20210504,336,341
20210504-SP09M,20210504,336,341
20210504-SP08M,20210504,336,341
20210504-SP08M,20210504,291,296
20210504-SP01F,20210504,291,296
20210504-SP09M,20210504,291,296
20210504-SP08M,20210504,372,377
20210504-SP09M,20210504,372,377
20210504-SP01F,20210504,372,377
20210504-SP09M,20210504,96,101
20210504-SP01F,20210504,96,101
20210504-SP08M,20210504,96,101
20210504-SP09M,20210504,147,152
20210504-SP01F,20210504,147,152
20210504-SP08M,20210504,147,152
20210504-SP04F,20210504,339,344
20210504-SP09M,20210504,339,344
20210504-SP01F,20210504,339,344
20210504-SP01F,20210504,702,707
20210504-SP04F,20210504,702,707
20210504-SP09M,20210504,702,707
20210504-SP01F,20210504,462,467
20210504-SP09M,20210504,462,467
20210504-SP04F,20210504,462,467
20210504-SP01F,20210504,501,506
20210504-SP09M,20210504,501,506
20210504-SP04F,20210504,501,506
20210504-SP01F,20210504,576,581
20210504-SP04F,20210504,576,581
20210504-SP09M,20210504,576,581
20210504-SP04F,20210504,168,173
20210504-SP09M,20210504,168,173
20210504-SP01F,20210504,168,173
20210504-SP08M,20210504,522,527
20210504-SP04F,20210504,522,527
20210504-SP01F,20210504,522,527
20210504-SP04F,20210504,519,524
20210504-SP01F,20210504,519,524
20210504-SP08M,20210504,519,524
20210504-SP04F,20210504,276,281
20210504-SP08M,20210504,276,281
20210504-SP01F,20210504,276,281
20210504-SP01F,20210504,576,581
20210504-SP04F,20210504,576,581
20210504-SP08M,20210504,576,581
20210504-SP08M,20210504,282,287
20210504-SP01F,20210504,282,287
20210504-SP04F,20210504,282,287
20210504-SP04F,20210504,582,587
20210504-SP01F,20210504,582,587
20210504-SP08M,20210504,582,587
20210504-SP04F,20210504,642,647
20210504-SP08M,20210504,642,647
20210504-SP01F,20210504,642,647
20210504-SP04F,20210504,573,578
20210504-SP01F,20210504,573,578
20210504-SP08M,20210504,573,578
20210504-SP08M,20210504,408,413
20210504-SP01F,20210504,408,413
20210504-SP04F,20210504,408,413
20210504-SP08M,20210504,3,8
20210504-SP01F,20210504,3,8
20210504-SP04F,20210504,3,8
20210616-SP05F,20210616,2190,2195
20210616-SP06M,20210616,2190,2195
20210616-SP04F,20210616,2190,2195
20210616-SP04F,20210616,2925,2930
20210616-SP05F,20210616,2925,2930
20210616-SP02F,20210616,2925,2930
20210616-SP04F,20210616,762,767
20210616-SP06M,20210616,762,767
20210616-SP05F,20210616,762,767
20210616-SP06M,20210616,495,500
20210616-SP04F,20210616,495,500
20210616-SP02F,20210616,495,500
20210616-SP05F,20210616,243,248
20210616-SP03M,20210616,243,248
20210616-SP04F,20210616,243,248
20210616-SP02F,20210616,3030,3035
20210616-SP04F,20210616,3030,3035
20210616-SP03M,20210616,3030,3035
20210616-SP02F,20210616,732,737
20210616-SP04F,20210616,732,737
20210616-SP03M,20210616,732,737
20210616-SP06M,20210616,498,503
20210616-SP02F,20210616,498,503
20210616-SP04F,20210616,498,503
20210616-SP05F,20210616,759,764
20210616-SP06M,20210616,759,764
20210616-SP03M,20210616,759,764
20210616-SP04F,20210616,1845,1850
20210616-SP03M,20210616,1845,1850
20210616-SP05F,20210616,1845,1850
20210616-SP05F,20210616,435,440
20210616-SP01F,20210616,435,440
20210616-SP06M,20210616,435,440
20210616-SP04F,20210616,666,671
20210616-SP01F,20210616,666,671
20210616-SP03M,20210616,666,671
20210616-SP05F,20210616,2436,2441
20210616-SP01F,20210616,2436,2441
20210616-SP06M,20210616,2436,2441
20210616-SP05F,20210616,849,854
20210616-SP01F,20210616,849,854
20210616-SP03M,20210616,849,854
20210616-SP05F,20210616,2769,2774
20210616-SP04F,20210616,2769,2774
20210616-SP01F,20210616,2769,2774
20210616-SP04F,20210616,2433,2438
20210616-SP03M,20210616,2433,2438
20210616-SP06M,20210616,2433,2438
20210616-SP05F,20210616,2037,2042
20210616-SP06M,20210616,2037,2042
20210616-SP04F,20210616,2037,2042
20210616-SP03M,20210616,1449,1454
20210616-SP06M,20210616,1449,1454
20210616-SP04F,20210616,1449,1454
20210616-SP06M,20210616,1941,1946
20210616-SP04F,20210616,1941,1946
20210616-SP05F,20210616,1941,1946
20210616-SP06M,20210616,2643,2648
20210616-SP01F,20210616,2643,2648
20210616-SP05F,20210616,2643,2648
20210616-SP01F,20210616,108,113
20210616-SP04F,20210616,108,113
20210616-SP06M,20210616,108,113
20210616-SP02F,20210616,2160,2165
20210616-SP04F,20210616,2160,2165
20210616-SP01F,20210616,2160,2165
20210616-SP03M,20210616,84,89
20210616-SP01F,20210616,84,89
20210616-SP06M,20210616,84,89
20210616-SP02F,20210616,99,104
20210616-SP04F,20210616,99,104
20210616-SP01F,20210616,99,104
20210616-SP06M,20210616,2337,2342
20210616-SP03M,20210616,2337,2342
20210616-SP04F,20210616,2337,2342
20210616-SP03M,20210616,444,449
20210616-SP06M,20210616,444,449
20210616-SP04F,20210616,444,449
20210616-SP01F,20210616,9,14
20210616-SP03M,20210616,9,14
20210616-SP06M,20210616,9,14
20210616-SP02F,20210616,1863,1868
20210616-SP03M,20210616,1863,1868
20210616-SP06M,20210616,1863,1868
20210616-SP03M,20210616,1293,1298
20210616-SP06M,20210616,1293,1298
20210616-SP04F,20210616,1293,1298
20210616-SP04F,20210616,699,704
20210616-SP06M,20210616,699,704
20210616-SP01F,20210616,699,704
20210616-SP04F,20210616,1926,1931
20210616-SP02F,20210616,1926,1931
20210616-SP01F,20210616,1926,1931
20210616-SP04F,20210616,2157,2162
20210616-SP05F,20210616,2157,2162
20210616-SP01F,20210616,2157,2162
20210616-SP05F,20210616,2868,2873
20210616-SP02F,20210616,2868,2873
20210616-SP04F,20210616,2868,2873
20210616-SP05F,20210616,1566,1571
20210616-SP02F,20210616,1566,1571
20210616-SP01F,20210616,1566,1571
20210616-SP03M,20210616,1695,1700
20210616-SP05F,20210616,1695,1700
20210616-SP01F,20210616,1695,1700
20210616-SP03M,20210616,2547,2552
20210616-SP01F,20210616,2547,2552
20210616-SP05F,20210616,2547,2552
20210616-SP05F,20210616,1131,1136
20210616-SP03M,20210616,1131,1136
20210616-SP02F,20210616,1131,1136
20210616-SP03M,20210616,1764,1769
20210616-SP01F,20210616,1764,1769
20210616-SP02F,20210616,1764,1769
20210616-SP02F,20210616,3081,3086
20210616-SP05F,20210616,3081,3086
20210616-SP04F,20210616,3081,3086
20210616-SP05F,20210616,1719,1724
20210616-SP03M,20210616,1719,1724
20210616-SP02F,20210616,1719,1724
20210616-SP02F,20210616,2565,2570
20210616-SP04F,20210616,2565,2570
20210616-SP06M,20210616,2565,2570
20210616-SP05F,20210616,1956,1961
20210616-SP06M,20210616,1956,1961
20210616-SP04F,20210616,1956,1961
20210616-SP02F,20210616,1857,1862
20210616-SP01F,20210616,1857,1862
20210616-SP04F,20210616,1857,1862
20210616-SP01F,20210616,2130,2135
20210616-SP04F,20210616,2130,2135
20210616-SP06M,20210616,2130,2135
20210616-SP04F,20210616,972,977
20210616-SP05F,20210616,972,977
20210616-SP01F,20210616,972,977
20210616-SP01F,20210616,417,422
20210616-SP04F,20210616,417,422
20210616-SP06M,20210616,417,422
20210616-SP04F,20210616,633,638
20210616-SP02F,20210616,633,638
20210616-SP06M,20210616,633,638
20210616-SP04F,20210616,969,974
20210616-SP06M,20210616,969,974
20210616-SP01F,20210616,969,974
20210616-SP05F,20210616,414,419
20210616-SP04F,20210616,414,419
20210616-SP02F,20210616,414,419
20210616-SP04F,20210616,390,395
20210616-SP05F,20210616,390,395
20210616-SP01F,20210616,390,395
20210616-SP05F,20210616,2967,2972
20210616-SP01F,20210616,2967,2972
20210616-SP02F,20210616,2967,2972
20210616-SP06M,20210616,1386,1391
20210616-SP05F,20210616,1386,1391
20210616-SP02F,20210616,1386,1391
20210616-SP02F,20210616,690,695
20210616-SP03M,20210616,690,695
20210616-SP01F,20210616,690,695
20210616-SP01F,20210616,1389,1394
20210616-SP03M,20210616,1389,1394
20210616-SP06M,20210616,1389,1394
20210616-SP06M,20210616,2067,2072
20210616-SP01F,20210616,2067,2072
20210616-SP03M,20210616,2067,2072
20210616-SP02F,20210616,2481,2486
20210616-SP05F,20210616,2481,2486
20210616-SP03M,20210616,2481,2486
20210616-SP02F,20210616,2160,2165
20210616-SP06M,20210616,2160,2165
20210616-SP01F,20210616,2160,2165
20210616-SP01F,20210616,3,8
20210616-SP06M,20210616,3,8
20210616-SP02F,20210616,3,8
20210616-SP05F,20210616,1149,1154
20210616-SP06M,20210616,1149,1154
20210616-SP01F,20210616,1149,1154
20210616-SP05F,20210616,864,869
20210616-SP06M,20210616,864,869
20210616-SP03M,20210616,864,869
20211007-SP03M,20211007,3408,3413
20211007-SP04F,20211007,3408,3413
20211007-SP05F,20211007,3408,3413
20211007-SP04F,20211007,795,800
20211007-SP05F,20211007,795,800
20211007-SP07F,20211007,795,800
20211007-SP04F,20211007,2421,2426
20211007-SP05F,20211007,2421,2426
20211007-SP03M,20211007,2421,2426
20211007-SP04F,20211007,3093,3098
20211007-SP05F,20211007,3093,3098
20211007-SP03M,20211007,3093,3098
20211007-SP05F,20211007,3096,3101
20211007-SP03M,20211007,3096,3101
20211007-SP07F,20211007,3096,3101
20211007-SP05F,20211007,3081,3086
20211007-SP04F,20211007,3081,3086
20211007-SP03M,20211007,3081,3086
20211007-SP07F,20211007,699,704
20211007-SP04F,20211007,699,704
20211007-SP05F,20211007,699,704
20211007-SP04F,20211007,798,803
20211007-SP05F,20211007,798,803
20211007-SP07F,20211007,798,803
20211007-SP03M,20211007,636,641
20211007-SP07F,20211007,636,641
20211007-SP04F,20211007,636,641
20211007-SP04F,20211007,3030,3035
20211007-SP03M,20211007,3030,3035
20211007-SP07F,20211007,3030,3035
20211119-SP07F,20211119,1521,1526
20211119-SP04F,20211119,1521,1526
20211119-SP03M,20211119,1521,1526
20211119-SP07F,20211119,1356,1361
20211119-SP02F,20211119,1356,1361
20211119-SP04F,20211119,1356,1361
20211119-SP07F,20211119,345,350
20211119-SP03M,20211119,345,350
20211119-SP02F,20211119,345,350
20211119-SP05F,20211119,846,851
20211119-SP02F,20211119,846,851
20211119-SP04F,20211119,846,851
20211119-SP07F,20211119,1341,1346
20211119-SP02F,20211119,1341,1346
20211119-SP04F,20211119,1341,1346
20211119-SP03M,20211119,348,353
20211119-SP07F,20211119,348,353
20211119-SP02F,20211119,348,353
20211119-SP03M,20211119,1524,1529
20211119-SP04F,20211119,1524,1529
20211119-SP02F,20211119,1524,1529
20211119-SP04F,20211119,1350,1355
20211119-SP02F,20211119,1350,1355
20211119-SP03M,20211119,1350,1355
20211119-SP05F,20211119,1008,1013
20211119-SP02F,20211119,1008,1013
20211119-SP07F,20211119,1008,1013
20211119-SP05F,20211119,1518,1523
20211119-SP02F,20211119,1518,1523
20211119-SP07F,20211119,1518,1523
20211119-SP04F,20211119,66,71
20211119-SP01F,20211119,66,71
20211119-SP07F,20211119,66,71
20211119-SP04F,20211119,1224,1229
20211119-SP07F,20211119,1224,1229
20211119-SP03M,20211119,1224,1229
20211119-SP03M,20211119,1272,1277
20211119-SP04F,20211119,1272,1277
20211119-SP05F,20211119,1272,1277
20211119-SP07F,20211119,228,233
20211119-SP03M,20211119,228,233
20211119-SP04F,20211119,228,233
20211119-SP04F,20211119,108,113
20211119-SP05F,20211119,108,113
20211119-SP03M,20211119,108,113
20211119-SP07F,20211119,915,920
20211119-SP01F,20211119,915,920
20211119-SP05F,20211119,915,920
20211119-SP05F,20211119,642,647
20211119-SP03M,20211119,642,647
20211119-SP01F,20211119,642,647
20211119-SP03M,20211119,462,467
20211119-SP04F,20211119,462,467
20211119-SP05F,20211119,462,467
20211119-SP07F,20211119,162,167
20211119-SP04F,20211119,162,167
20211119-SP05F,20211119,162,167
20211119-SP03M,20211119,231,236
20211119-SP07F,20211119,231,236
20211119-SP01F,20211119,231,236
20211119-SP04F,20211119,1284,1289
20211119-SP02F,20211119,1284,1289
20211119-SP01F,20211119,1284,1289
20211119-SP07F,20211119,1155,1160
20211119-SP01F,20211119,1155,1160
20211119-SP02F,20211119,1155,1160
20211119-SP04F,20211119,801,806
20211119-SP02F,20211119,801,806
20211119-SP05F,20211119,801,806
20211119-SP01F,20211119,891,896
20211119-SP04F,20211119,891,896
20211119-SP05F,20211119,891,896
20211119-SP07F,20211119,213,218
20211119-SP04F,20211119,213,218
20211119-SP02F,20211119,213,218
20211119-SP01F,20211119,1281,1286
20211119-SP07F,20211119,1281,1286
20211119-SP05F,20211119,1281,1286
20211119-SP04F,20211119,42,47
20211119-SP02F,20211119,42,47
20211119-SP05F,20211119,42,47
20211119-SP04F,20211119,1158,1163
20211119-SP02F,20211119,1158,1163
20211119-SP07F,20211119,1158,1163
20211119-SP04F,20211119,1290,1295
20211119-SP01F,20211119,1290,1295
20211119-SP02F,20211119,1290,1295
20211119-SP04F,20211119,177,182
20211119-SP01F,20211119,177,182
20211119-SP02F,20211119,177,182
20211119-SP02F,20211119,1182,1187
20211119-SP07F,20211119,1182,1187
20211119-SP05F,20211119,1182,1187
20211119-SP03M,20211119,15,20
20211119-SP02F,20211119,15,20
20211119-SP07F,20211119,15,20
20211119-SP01F,20211119,1185,1190
20211119-SP02F,20211119,1185,1190
20211119-SP07F,20211119,1185,1190
20211119-SP05F,20211119,843,848
20211119-SP01F,20211119,843,848
20211119-SP07F,20211119,843,848
20211119-SP02F,20211119,1437,1442
20211119-SP07F,20211119,1437,1442
20211119-SP01F,20211119,1437,1442
20211119-SP07F,20211119,1404,1409
20211119-SP01F,20211119,1404,1409
20211119-SP02F,20211119,1404,1409
20211119-SP02F,20211119,186,191
20211119-SP05F,20211119,186,191
20211119-SP03M,20211119,186,191
20211119-SP01F,20211119,1104,1109
20211119-SP05F,20211119,1104,1109
20211119-SP07F,20211119,1104,1109
20211119-SP03M,20211119,1428,1433
20211119-SP07F,20211119,1428,1433
20211119-SP01F,20211119,1428,1433
20211119-SP01F,20211119,291,296
20211119-SP07F,20211119,291,296
20211119-SP02F,20211119,291,296
20211119-SP07F,20211119,720,725
20211119-SP02F,20211119,720,725
20211119-SP01F,20211119,720,725
20211119-SP02F,20211119,675,680
20211119-SP07F,20211119,675,680
20211119-SP03M,20211119,675,680
20211119-SP01F,20211119,552,557
20211119-SP07F,20211119,552,557
20211119-SP02F,20211119,552,557
20211119-SP02F,20211119,93,98
20211119-SP01F,20211119,93,98
20211119-SP07F,20211119,93,98
20211119-SP02F,20211119,648,653
20211119-SP01F,20211119,648,653
20211119-SP04F,20211119,648,653
20211119-SP07F,20211119,1272,1277
20211119-SP02F,20211119,1272,1277
20211119-SP03M,20211119,1272,1277
20211119-SP07F,20211119,90,95
20211119-SP04F,20211119,90,95
20211119-SP03M,20211119,90,95
20211119-SP02F,20211119,1170,1175
20211119-SP03M,20211119,1170,1175
20211119-SP04F,20211119,1170,1175
20211119-SP02F,20211119,669,674
20211119-SP01F,20211119,669,674
20211119-SP07F,20211119,669,674
20211119-SP01F,20211119,123,128
20211119-SP04F,20211119,123,128
20211119-SP03M,20211119,123,128
20211119-SP04F,20211119,1182,1187
20211119-SP02F,20211119,1182,1187
20211119-SP05F,20211119,1182,1187
20211119-SP04F,20211119,129,134
20211119-SP02F,20211119,129,134
20211119-SP01F,20211119,129,134
20211119-SP01F,20211119,1236,1241
20211119-SP02F,20211119,1236,1241
20211119-SP05F,20211119,1236,1241
20211119-SP05F,20211119,180,185
20211119-SP01F,20211119,180,185
20211119-SP04F,20211119,180,185
20211119-SP04F,20211119,186,191
20211119-SP03M,20211119,186,191
20211119-SP01F,20211119,186,191
20211119-SP03M,20211119,1041,1046
20211119-SP01F,20211119,1041,1046
20211119-SP02F,20211119,1041,1046
20211119-SP03M,20211119,1230,1235
20211119-SP02F,20211119,1230,1235
20211119-SP01F,20211119,1230,1235
20211119-SP04F,20211119,567,572
20211119-SP05F,20211119,567,572
20211119-SP01F,20211119,567,572
20211119-SP02F,20211119,216,221
20211119-SP05F,20211119,216,221
20211119-SP03M,20211119,216,221
20211119-SP05F,20211119,1179,1184
20211119-SP01F,20211119,1179,1184
20211119-SP04F,20211119,1179,1184
20220204-SP04F,20220204,153,158
20220204-SP07F,20220204,153,158
20220204-SP05F,20220204,153,158
20220204-SP05F,20220204,180,185
20220204-SP07F,20220204,180,185
20220204-SP03M,20220204,180,185
20220204-SP05F,20220204,2070,2075
20220204-SP04F,20220204,2070,2075
20220204-SP07F,20220204,2070,2075
20220204-SP02F,20220204,2661,2666
20220204-SP07F,20220204,2661,2666
20220204-SP03M,20220204,2661,2666
20220204-SP03M,20220204,2664,2669
20220204-SP07F,20220204,2664,2669
20220204-SP02F,20220204,2664,2669
20220204-SP02F,20220204,1605,1610
20220204-SP03M,20220204,1605,1610
20220204-SP04F,20220204,1605,1610
20220204-SP03M,20220204,2193,2198
20220204-SP02F,20220204,2193,2198
20220204-SP05F,20220204,2193,2198
20220204-SP05F,20220204,102,107
20220204-SP03M,20220204,102,107
20220204-SP07F,20220204,102,107
20220204-SP05F,20220204,231,236
20220204-SP04F,20220204,231,236
20220204-SP07F,20220204,231,236
20220204-SP07F,20220204,177,182
20220204-SP02F,20220204,177,182
20220204-SP05F,20220204,177,182
20220204-SP01F,20220204,2550,2555
20220204-SP04F,20220204,2550,2555
20220204-SP07F,20220204,2550,2555
20220204-SP07F,20220204,96,101
20220204-SP04F,20220204,96,101
20220204-SP01F,20220204,96,101
20220204-SP01F,20220204,1950,1955
20220204-SP03M,20220204,1950,1955
20220204-SP05F,20220204,1950,1955
20220204-SP04F,20220204,1881,1886
20220204-SP03M,20220204,1881,1886
20220204-SP01F,20220204,1881,1886
20220204-SP03M,20220204,21,26
20220204-SP01F,20220204,21,26
20220204-SP04F,20220204,21,26
20220204-SP03M,20220204,1488,1493
20220204-SP07F,20220204,1488,1493
20220204-SP05F,20220204,1488,1493
20220204-SP07F,20220204,1161,1166
20220204-SP05F,20220204,1161,1166
20220204-SP04F,20220204,1161,1166
20220204-SP05F,20220204,1599,1604
20220204-SP07F,20220204,1599,1604
20220204-SP03M,20220204,1599,1604
20220204-SP04F,20220204,2553,2558
20220204-SP03M,20220204,2553,2558
20220204-SP05F,20220204,2553,2558
20220204-SP04F,20220204,2823,2828
20220204-SP03M,20220204,2823,2828
20220204-SP05F,20220204,2823,2828
20220204-SP05F,20220204,0,5
20220204-SP01F,20220204,0,5
20220204-SP02F,20220204,0,5
20220204-SP04F,20220204,2634,2639
20220204-SP05F,20220204,2634,2639
20220204-SP07F,20220204,2634,2639
20220204-SP01F,20220204,597,602
20220204-SP02F,20220204,597,602
20220204-SP04F,20220204,597,602
20220204-SP02F,20220204,63,68
20220204-SP07F,20220204,63,68
20220204-SP04F,20220204,63,68
20220204-SP02F,20220204,2196,2201
20220204-SP07F,20220204,2196,2201
20220204-SP01F,20220204,2196,2201
20220204-SP04F,20220204,594,599
20220204-SP05F,20220204,594,599
20220204-SP01F,20220204,594,599
20220204-SP07F,20220204,291,296
20220204-SP02F,20220204,291,296
20220204-SP05F,20220204,291,296
20220204-SP04F,20220204,2367,2372
20220204-SP05F,20220204,2367,2372
20220204-SP01F,20220204,2367,2372
20220204-SP02F,20220204,2751,2756
20220204-SP01F,20220204,2751,2756
20220204-SP05F,20220204,2751,2756
20220204-SP07F,20220204,198,203
20220204-SP03M,20220204,198,203
20220204-SP05F,20220204,198,203
20220204-SP07F,20220204,2625,2630
20220204-SP05F,20220204,2625,2630
20220204-SP03M,20220204,2625,2630
20220204-SP01F,20220204,2547,2552
20220204-SP03M,20220204,2547,2552
20220204-SP07F,20220204,2547,2552
20220204-SP07F,20220204,201,206
20220204-SP03M,20220204,201,206
20220204-SP05F,20220204,201,206
20220204-SP07F,20220204,2793,2798
20220204-SP03M,20220204,2793,2798
20220204-SP01F,20220204,2793,2798
20220204-SP07F,20220204,1035,1040
20220204-SP03M,20220204,1035,1040
20220204-SP01F,20220204,1035,1040
20220204-SP05F,20220204,939,944
20220204-SP03M,20220204,939,944
20220204-SP07F,20220204,939,944
20220204-SP03M,20220204,2628,2633
20220204-SP07F,20220204,2628,2633
20220204-SP05F,20220204,2628,2633
20220204-SP03M,20220204,942,947
20220204-SP02F,20220204,942,947
20220204-SP05F,20220204,942,947
20220204-SP05F,20220204,1524,1529
20220204-SP01F,20220204,1524,1529
20220204-SP02F,20220204,1524,1529
20220204-SP04F,20220204,441,446
20220204-SP03M,20220204,441,446
20220204-SP01F,20220204,441,446
20220204-SP03M,20220204,2310,2315
20220204-SP01F,20220204,2310,2315
20220204-SP07F,20220204,2310,2315
20220204-SP01F,20220204,2634,2639
20220204-SP07F,20220204,2634,2639
20220204-SP02F,20220204,2634,2639
20220204-SP07F,20220204,1017,1022
20220204-SP04F,20220204,1017,1022
20220204-SP03M,20220204,1017,1022
20220204-SP01F,20220204,2328,2333
20220204-SP07F,20220204,2328,2333
20220204-SP02F,20220204,2328,2333
20220204-SP07F,20220204,855,860
20220204-SP03M,20220204,855,860
20220204-SP02F,20220204,855,860
20220204-SP02F,20220204,1026,1031
20220204-SP04F,20220204,1026,1031
20220204-SP07F,20220204,1026,1031
20220204-SP01F,20220204,2571,2576
20220204-SP02F,20220204,2571,2576
20220204-SP03M,20220204,2571,2576
20220204-SP07F,20220204,1107,1112
20220204-SP04F,20220204,1107,1112
20220204-SP01F,20220204,1107,1112
20220204-SP07F,20220204,2334,2339
20220204-SP02F,20220204,2334,2339
20220204-SP03M,20220204,2334,2339
20220204-SP02F,20220204,1575,1580
20220204-SP03M,20220204,1575,1580
20220204-SP05F,20220204,1575,1580
20220204-SP04F,20220204,870,875
20220204-SP02F,20220204,870,875
20220204-SP01F,20220204,870,875
20220204-SP01F,20220204,1815,1820
20220204-SP05F,20220204,1815,1820
20220204-SP03M,20220204,1815,1820
20220204-SP05F,20220204,1404,1409
20220204-SP02F,20220204,1404,1409
20220204-SP04F,20220204,1404,1409
20220204-SP02F,20220204,2448,2453
20220204-SP03M,20220204,2448,2453
20220204-SP04F,20220204,2448,2453
20220204-SP03M,20220204,1230,1235
20220204-SP01F,20220204,1230,1235
20220204-SP04F,20220204,1230,1235
20220204-SP02F,20220204,1401,1406
20220204-SP01F,20220204,1401,1406
20220204-SP03M,20220204,1401,1406
20220204-SP01F,20220204,1308,1313
20220204-SP02F,20220204,1308,1313
20220204-SP04F,20220204,1308,1313
20220204-SP02F,20220204,684,689
20220204-SP05F,20220204,684,689
20220204-SP03M,20220204,684,689
20220204-SP02F,20220204,1578,1583
20220204-SP03M,20220204,1578,1583
20220204-SP05F,20220204,1578,1583
20211007-SP03M,20211007,2937,2942
20211007-SP01F,20211007,2937,2942
20211007-SP04F,20211007,2937,2942
20211007-SP04F,20211007,2934,2939
20211007-SP07F,20211007,2934,2939
20211007-SP01F,20211007,2934,2939
20211007-SP01F,20211007,2964,2969
20211007-SP03M,20211007,2964,2969
20211007-SP07F,20211007,2964,2969
20211007-SP01F,20211007,2943,2948
20211007-SP04F,20211007,2943,2948
20211007-SP07F,20211007,2943,2948
20211007-SP04F,20211007,3009,3014
20211007-SP01F,20211007,3009,3014
20211007-SP03M,20211007,3009,3014
20211007-SP03M,20211007,2763,2768
20211007-SP07F,20211007,2763,2768
20211007-SP01F,20211007,2763,2768
20211007-SP01F,20211007,3069,3074
20211007-SP04F,20211007,3069,3074
20211007-SP07F,20211007,3069,3074
20211007-SP04F,20211007,2814,2819
20211007-SP07F,20211007,2814,2819
20211007-SP03M,20211007,2814,2819
20211007-SP01F,20211007,36,41
20211007-SP07F,20211007,36,41
20211007-SP03M,20211007,36,41
20211007-SP07F,20211007,2811,2816
20211007-SP04F,20211007,2811,2816
20211007-SP01F,20211007,2811,2816
20211007-SP03M,20211007,1614,1619
20211007-SP04F,20211007,1614,1619
20211007-SP05F,20211007,1614,1619
20211007-SP01F,20211007,3057,3062
20211007-SP05F,20211007,3057,3062
20211007-SP04F,20211007,3057,3062
20211007-SP05F,20211007,2265,2270
20211007-SP01F,20211007,2265,2270
20211007-SP03M,20211007,2265,2270
20211007-SP04F,20211007,2436,2441
20211007-SP03M,20211007,2436,2441
20211007-SP05F,20211007,2436,2441
20211007-SP04F,20211007,1551,1556
20211007-SP01F,20211007,1551,1556
20211007-SP05F,20211007,1551,1556
20211007-SP04F,20211007,2442,2447
20211007-SP05F,20211007,2442,2447
20211007-SP01F,20211007,2442,2447
20211007-SP04F,20211007,1644,1649
20211007-SP01F,20211007,1644,1649
20211007-SP05F,20211007,1644,1649
20211007-SP01F,20211007,2850,2855
20211007-SP03M,20211007,2850,2855
20211007-SP04F,20211007,2850,2855
20211007-SP01F,20211007,2652,2657
20211007-SP04F,20211007,2652,2657
20211007-SP03M,20211007,2652,2657
20211007-SP01F,20211007,948,953
20211007-SP04F,20211007,948,953
20211007-SP05F,20211007,948,953
20220408-SP03M,20220408,114,119
20220408-SP04F,20220408,114,119
20220408-SP09M,20220408,114,119
20220408-SP06M,20220408,318,323
20220408-SP07F,20220408,318,323
20220408-SP02F,20220408,318,323
20220408-SP05F,20220408,345,350
20220408-SP09M,20220408,345,350
20220408-SP03M,20220408,345,350
20220408-SP02F,20220408,57,62
20220408-SP07F,20220408,57,62
20220408-SP03M,20220408,57,62
20220408-SP01F,20220408,60,65
20220408-SP09M,20220408,60,65
20220408-SP03M,20220408,60,65
20220408-SP02F,20220408,21,26
20220408-SP01F,20220408,21,26
20220408-SP07F,20220408,21,26
20220408-SP02F,20220408,756,761
20220408-SP01F,20220408,756,761
20220408-SP06M,20220408,756,761
20220408-SP09M,20220408,690,695
20220408-SP06M,20220408,690,695
20220408-SP05F,20220408,690,695
20220408-SP01F,20220408,570,575
20220408-SP06M,20220408,570,575
20220408-SP09M,20220408,570,575
20220408-SP01F,20220408,24,29
20220408-SP05F,20220408,24,29
20220408-SP07F,20220408,24,29
20220408-SP02F,20220408,441,446
20220408-SP01F,20220408,441,446
20220408-SP09M,20220408,441,446
20220408-SP06M,20220408,84,89
20220408-SP04F,20220408,84,89
20220408-SP02F,20220408,84,89
20220408-SP04F,20220408,585,590
20220408-SP03M,20220408,585,590
20220408-SP07F,20220408,585,590
20220408-SP03M,20220408,300,305
20220408-SP01F,20220408,300,305
20220408-SP07F,20220408,300,305
20220408-SP01F,20220408,3189,3194
20220408-SP07F,20220408,3189,3194
20220408-SP06M,20220408,3189,3194
20220408-SP04F,20220408,3168,3173
20220408-SP01F,20220408,3168,3173
20220408-SP06M,20220408,3168,3173
20220408-SP06M,20220408,30,35
20220408-SP03M,20220408,30,35
20220408-SP02F,20220408,30,35
20220408-SP04F,20220408,405,410
20220408-SP02F,20220408,405,410
20220408-SP07F,20220408,405,410
20220408-SP07F,20220408,72,77
20220408-SP01F,20220408,72,77
20220408-SP03M,20220408,72,77
20220408-SP02F,20220408,3165,3170
20220408-SP07F,20220408,3165,3170
20220408-SP01F,20220408,3165,3170
20220408-SP04F,20220408,327,332
20220408-SP07F,20220408,327,332
20220408-SP05F,20220408,327,332
20220408-SP04F,20220408,66,71
20220408-SP02F,20220408,66,71
20220408-SP01F,20220408,66,71
20220610-SP07F,20220610,1533,1538
20220610-SP01F,20220610,1533,1538
20220610-SP04F,20220610,1533,1538
20220610-SP04F,20220610,516,521
20220610-SP07F,20220610,516,521
20220610-SP01F,20220610,516,521
20220610-SP04F,20220610,1536,1541
20220610-SP03M,20220610,1536,1541
20220610-SP07F,20220610,1536,1541
20220610-SP03M,20220610,1128,1133
20220610-SP07F,20220610,1128,1133
20220610-SP01F,20220610,1128,1133
20220610-SP07F,20220610,87,92
20220610-SP04F,20220610,87,92
20220610-SP03M,20220610,87,92
20220610-SP01F,20220610,519,524
20220610-SP07F,20220610,519,524
20220610-SP04F,20220610,519,524
20220610-SP03M,20220610,606,611
20220610-SP07F,20220610,606,611
20220610-SP01F,20220610,606,611
20220610-SP07F,20220610,42,47
20220610-SP03M,20220610,42,47
20220610-SP04F,20220610,42,47
20220610-SP04F,20220610,609,614
20220610-SP03M,20220610,609,614
20220610-SP01F,20220610,609,614
20220610-SP04F,20220610,90,95
20220610-SP07F,20220610,90,95
20220610-SP03M,20220610,90,95
20220408-SP02F,20220408,720,725
20220408-SP03M,20220408,720,725
20220408-SP06M,20220408,720,725
20220408-SP01F,20220408,747,752
20220408-SP09M,20220408,747,752
20220408-SP03M,20220408,747,752
20220408-SP01F,20220408,0,5
20220408-SP02F,20220408,0,5
20220408-SP03M,20220408,0,5
20220408-SP07F,20220408,30,35
20220408-SP06M,20220408,30,35
20220408-SP01F,20220408,30,35
20220408-SP02F,20220408,237,242
20220408-SP06M,20220408,237,242
20220408-SP07F,20220408,237,242
20220408-SP07F,20220408,3189,3194
20220408-SP01F,20220408,3189,3194
20220408-SP04F,20220408,3189,3194
20220408-SP04F,20220408,636,641
20220408-SP07F,20220408,636,641
20220408-SP09M,20220408,636,641
20220408-SP01F,20220408,681,686
20220408-SP02F,20220408,681,686
20220408-SP03M,20220408,681,686
20220408-SP01F,20220408,756,761
20220408-SP02F,20220408,756,761
20220408-SP06M,20220408,756,761
20220408-SP07F,20220408,693,698
20220408-SP06M,20220408,693,698
20220408-SP04F,20220408,693,698
20220610-SP03M,20220610,2064,2069
20220610-SP07F,20220610,2064,2069
20220610-SP02F,20220610,2064,2069
20220610-SP02F,20220610,2073,2078
20220610-SP04F,20220610,2073,2078
20220610-SP03M,20220610,2073,2078
20220610-SP03M,20220610,2082,2087
20220610-SP04F,20220610,2082,2087
20220610-SP07F,20220610,2082,2087
20220610-SP03M,20220610,2043,2048
20220610-SP02F,20220610,2043,2048
20220610-SP04F,20220610,2043,2048
20220610-SP04F,20220610,378,383
20220610-SP07F,20220610,378,383
20220610-SP02F,20220610,378,383
20220610-SP04F,20220610,1215,1220
20220610-SP02F,20220610,1215,1220
20220610-SP07F,20220610,1215,1220
20220610-SP04F,20220610,381,386
20220610-SP07F,20220610,381,386
20220610-SP02F,20220610,381,386
20220610-SP07F,20220610,570,575
20220610-SP02F,20220610,570,575
20220610-SP03M,20220610,570,575
20220610-SP04F,20220610,1758,1763
20220610-SP07F,20220610,1758,1763
20220610-SP02F,20220610,1758,1763
20220610-SP04F,20220610,1905,1910
20220610-SP03M,20220610,1905,1910
20220610-SP07F,20220610,1905,1910
20220408-SP05F,20220408,297,302
20220408-SP09M,20220408,297,302
20220408-SP04F,20220408,297,302
20220408-SP01F,20220408,516,521
20220408-SP03M,20220408,516,521
20220408-SP07F,20220408,516,521
20220408-SP07F,20220408,333,338
20220408-SP01F,20220408,333,338
20220408-SP03M,20220408,333,338
20220408-SP04F,20220408,549,554
20220408-SP07F,20220408,549,554
20220408-SP09M,20220408,549,554
20220408-SP01F,20220408,498,503
20220408-SP04F,20220408,498,503
20220408-SP05F,20220408,498,503
20220408-SP02F,20220408,36,41
20220408-SP09M,20220408,36,41
20220408-SP04F,20220408,36,41
20220408-SP04F,20220408,300,305
20220408-SP03M,20220408,300,305
20220408-SP09M,20220408,300,305
20220408-SP07F,20220408,537,542
20220408-SP05F,20220408,537,542
20220408-SP09M,20220408,537,542
20220408-SP09M,20220408,543,548
20220408-SP02F,20220408,543,548
20220408-SP07F,20220408,543,548
20220408-SP03M,20220408,540,545
20220408-SP04F,20220408,540,545
20220408-SP02F,20220408,540,545
20220408-SP03M,20220408,3177,3182
20220408-SP01F,20220408,3177,3182
20220408-SP09M,20220408,3177,3182
20220408-SP04F,20220408,3186,3191
20220408-SP09M,20220408,3186,3191
20220408-SP07F,20220408,3186,3191
20220408-SP07F,20220408,12,17
20220408-SP09M,20220408,12,17
20220408-SP03M,20220408,12,17
20220408-SP05F,20220408,600,605
20220408-SP06M,20220408,600,605
20220408-SP04F,20220408,600,605
20220408-SP07F,20220408,135,140
20220408-SP01F,20220408,135,140
20220408-SP03M,20220408,135,140
20220408-SP07F,20220408,213,218
20220408-SP09M,20220408,213,218
20220408-SP05F,20220408,213,218
20220408-SP06M,20220408,693,698
20220408-SP04F,20220408,693,698
20220408-SP05F,20220408,693,698
20220408-SP06M,20220408,582,587
20220408-SP05F,20220408,582,587
20220408-SP09M,20220408,582,587
20220408-SP07F,20220408,243,248
20220408-SP03M,20220408,243,248
20220408-SP01F,20220408,243,248
20220408-SP03M,20220408,3192,3197
20220408-SP06M,20220408,3192,3197
20220408-SP04F,20220408,3192,3197
20220722-SP02F,20220722,1377,1382
20220722-SP01F,20220722,1377,1382
20220722-SP04F,20220722,1377,1382
20220722-SP02F,20220722,1392,1397
20220722-SP07F,20220722,1392,1397
20220722-SP01F,20220722,1392,1397
20220722-SP02F,20220722,1383,1388
20220722-SP04F,20220722,1383,1388
20220722-SP07F,20220722,1383,1388
20220722-SP04F,20220722,1359,1364
20220722-SP07F,20220722,1359,1364
20220722-SP02F,20220722,1359,1364
20220722-SP07F,20220722,966,971
20220722-SP04F,20220722,966,971
20220722-SP01F,20220722,966,971
20220722-SP07F,20220722,1851,1856
20220722-SP02F,20220722,1851,1856
20220722-SP01F,20220722,1851,1856
20220722-SP07F,20220722,1386,1391
20220722-SP01F,20220722,1386,1391
20220722-SP02F,20220722,1386,1391
20220722-SP04F,20220722,1305,1310
20220722-SP01F,20220722,1305,1310
20220722-SP07F,20220722,1305,1310
20220722-SP02F,20220722,903,908
20220722-SP07F,20220722,903,908
20220722-SP04F,20220722,903,908
20220722-SP04F,20220722,1770,1775
20220722-SP02F,20220722,1770,1775
20220722-SP01F,20220722,1770,1775
20220610-SP02F,20220610,408,413
20220610-SP01F,20220610,408,413
20220610-SP04F,20220610,408,413
20220610-SP03M,20220610,765,770
20220610-SP04F,20220610,765,770
20220610-SP02F,20220610,765,770
20220610-SP04F,20220610,762,767
20220610-SP02F,20220610,762,767
20220610-SP01F,20220610,762,767
20220610-SP01F,20220610,489,494
20220610-SP03M,20220610,489,494
20220610-SP04F,20220610,489,494
20220610-SP01F,20220610,486,491
20220610-SP04F,20220610,486,491
20220610-SP02F,20220610,486,491
20220610-SP03M,20220610,318,323
20220610-SP04F,20220610,318,323
20220610-SP02F,20220610,318,323
20220610-SP02F,20220610,1095,1100
20220610-SP04F,20220610,1095,1100
20220610-SP01F,20220610,1095,1100
20220610-SP01F,20220610,342,347
20220610-SP04F,20220610,342,347
20220610-SP03M,20220610,342,347
20220610-SP02F,20220610,237,242
20220610-SP01F,20220610,237,242
20220610-SP03M,20220610,237,242
20220610-SP02F,20220610,969,974
20220610-SP01F,20220610,969,974
20220610-SP04F,20220610,969,974
20220722-SP04F,20220722,1383,1388
20220722-SP05F,20220722,1383,1388
20220722-SP01F,20220722,1383,1388
20220722-SP07F,20220722,666,671
20220722-SP01F,20220722,666,671
20220722-SP05F,20220722,666,671
20220722-SP01F,20220722,312,317
20220722-SP05F,20220722,312,317
20220722-SP07F,20220722,312,317
20220722-SP05F,20220722,255,260
20220722-SP04F,20220722,255,260
20220722-SP07F,20220722,255,260
20220722-SP05F,20220722,1281,1286
20220722-SP07F,20220722,1281,1286
20220722-SP01F,20220722,1281,1286
20220722-SP01F,20220722,126,131
20220722-SP05F,20220722,126,131
20220722-SP07F,20220722,126,131
20220722-SP01F,20220722,669,674
20220722-SP05F,20220722,669,674
20220722-SP07F,20220722,669,674
20220722-SP05F,20220722,981,986
20220722-SP07F,20220722,981,986
20220722-SP04F,20220722,981,986
20220722-SP07F,20220722,651,656
20220722-SP05F,20220722,651,656
20220722-SP04F,20220722,651,656
20220722-SP05F,20220722,237,242
20220722-SP07F,20220722,237,242
20220722-SP01F,20220722,237,242
20220722-SP02F,20220722,1368,1373
20220722-SP04F,20220722,1368,1373
20220722-SP05F,20220722,1368,1373
20220722-SP05F,20220722,1365,1370
20220722-SP01F,20220722,1365,1370
20220722-SP04F,20220722,1365,1370
20220722-SP04F,20220722,3378,3383
20220722-SP02F,20220722,3378,3383
20220722-SP01F,20220722,3378,3383
20220722-SP02F,20220722,153,158
20220722-SP04F,20220722,153,158
20220722-SP01F,20220722,153,158
20220722-SP04F,20220722,132,137
20220722-SP02F,20220722,132,137
20220722-SP05F,20220722,132,137
20220722-SP01F,20220722,1254,1259
20220722-SP02F,20220722,1254,1259
20220722-SP05F,20220722,1254,1259
20220722-SP02F,20220722,1305,1310
20220722-SP01F,20220722,1305,1310
20220722-SP05F,20220722,1305,1310
20220722-SP02F,20220722,1302,1307
20220722-SP05F,20220722,1302,1307
20220722-SP01F,20220722,1302,1307
20220722-SP01F,20220722,3321,3326
20220722-SP02F,20220722,3321,3326
20220722-SP04F,20220722,3321,3326
20220722-SP01F,20220722,492,497
20220722-SP02F,20220722,492,497
20220722-SP04F,20220722,492,497
20220610-SP03M,20220610,1149,1154
20220610-SP02F,20220610,1149,1154
20220610-SP01F,20220610,1149,1154
20220610-SP01F,20220610,615,620
20220610-SP07F,20220610,615,620
20220610-SP03M,20220610,615,620
20220610-SP02F,20220610,1728,1733
20220610-SP03M,20220610,1728,1733
20220610-SP07F,20220610,1728,1733
20220610-SP03M,20220610,1731,1736
20220610-SP01F,20220610,1731,1736
20220610-SP02F,20220610,1731,1736
20220610-SP01F,20220610,630,635
20220610-SP03M,20220610,630,635
20220610-SP02F,20220610,630,635
20220610-SP07F,20220610,1830,1835
20220610-SP03M,20220610,1830,1835
20220610-SP01F,20220610,1830,1835
20220610-SP01F,20220610,1896,1901
20220610-SP07F,20220610,1896,1901
20220610-SP02F,20220610,1896,1901
20220610-SP03M,20220610,2100,2105
20220610-SP07F,20220610,2100,2105
20220610-SP02F,20220610,2100,2105
20220610-SP02F,20220610,576,581
20220610-SP01F,20220610,576,581
20220610-SP03M,20220610,576,581
20220610-SP01F,20220610,870,875
20220610-SP03M,20220610,870,875
20220610-SP07F,20220610,870,875
20220722-SP01F,20220722,1104,1109
20220722-SP02F,20220722,1104,1109
20220722-SP07F,20220722,1104,1109
20220722-SP01F,20220722,1107,1112
20220722-SP05F,20220722,1107,1112
20220722-SP02F,20220722,1107,1112
20220722-SP02F,20220722,3240,3245
20220722-SP01F,20220722,3240,3245
20220722-SP05F,20220722,3240,3245
20220722-SP02F,20220722,207,212
20220722-SP07F,20220722,207,212
20220722-SP05F,20220722,207,212
20220722-SP02F,20220722,1149,1154
20220722-SP07F,20220722,1149,1154
20220722-SP05F,20220722,1149,1154
20220722-SP01F,20220722,3045,3050
20220722-SP02F,20220722,3045,3050
20220722-SP07F,20220722,3045,3050
20220722-SP05F,20220722,1605,1610
20220722-SP01F,20220722,1605,1610
20220722-SP02F,20220722,1605,1610
20220722-SP05F,20220722,2472,2477
20220722-SP01F,20220722,2472,2477
20220722-SP02F,20220722,2472,2477
20220722-SP05F,20220722,3237,3242
20220722-SP02F,20220722,3237,3242
20220722-SP07F,20220722,3237,3242
20220722-SP05F,20220722,1173,1178
20220722-SP07F,20220722,1173,1178
20220722-SP02F,20220722,1173,1178
20220722-SP07F,20220722,2055,2060
20220722-SP02F,20220722,2055,2060
20220722-SP04F,20220722,2055,2060
20220722-SP02F,20220722,2775,2780
20220722-SP05F,20220722,2775,2780
20220722-SP07F,20220722,2775,2780
20220722-SP07F,20220722,2793,2798
20220722-SP05F,20220722,2793,2798
20220722-SP04F,20220722,2793,2798
20220722-SP02F,20220722,3060,3065
20220722-SP04F,20220722,3060,3065
20220722-SP07F,20220722,3060,3065
20220722-SP04F,20220722,2487,2492
20220722-SP07F,20220722,2487,2492
20220722-SP02F,20220722,2487,2492
20220722-SP07F,20220722,2058,2063
20220722-SP05F,20220722,2058,2063
20220722-SP02F,20220722,2058,2063
20220722-SP05F,20220722,2115,2120
20220722-SP04F,20220722,2115,2120
20220722-SP07F,20220722,2115,2120
20220722-SP04F,20220722,2760,2765
20220722-SP05F,20220722,2760,2765
20220722-SP07F,20220722,2760,2765
20220722-SP04F,20220722,2289,2294
20220722-SP07F,20220722,2289,2294
20220722-SP02F,20220722,2289,2294
20220722-SP05F,20220722,3057,3062
20220722-SP02F,20220722,3057,3062
20220722-SP04F,20220722,3057,3062
20220610-SP07F,20220610,1719,1724
20220610-SP04F,20220610,1719,1724
20220610-SP02F,20220610,1719,1724
20220610-SP01F,20220610,1725,1730
20220610-SP02F,20220610,1725,1730
20220610-SP07F,20220610,1725,1730
20220610-SP07F,20220610,45,50
20220610-SP04F,20220610,45,50
20220610-SP01F,20220610,45,50
20220610-SP01F,20220610,234,239
20220610-SP04F,20220610,234,239
20220610-SP07F,20220610,234,239
20220610-SP02F,20220610,1722,1727
20220610-SP01F,20220610,1722,1727
20220610-SP07F,20220610,1722,1727
20211007-SP07F,20211007,1855,1860
20211007-SP05F,20211007,1855,1860
20211007-SP03M,20211007,1855,1860
20211007-SP01F,20211007,2595,2600
20211007-SP05F,20211007,2595,2600
20211007-SP07F,20211007,2595,2600
20211007-SP05F,20211007,2785,2790
20211007-SP01F,20211007,2785,2790
20211007-SP07F,20211007,2785,2790
20211007-SP07F,20211007,1525,1530
20211007-SP05F,20211007,1525,1530
20211007-SP03M,20211007,1525,1530
20211007-SP01F,20211007,1800,1805
20211007-SP07F,20211007,1800,1805
20211007-SP05F,20211007,1800,1805
20211007-SP03M,20211007,1705,1710
20211007-SP05F,20211007,1705,1710
20211007-SP07F,20211007,1705,1710
20211007-SP07F,20211007,5,10
20211007-SP01F,20211007,5,10
20211007-SP03M,20211007,5,10
20211007-SP03M,20211007,1620,1625
20211007-SP07F,20211007,1620,1625
20211007-SP01F,20211007,1620,1625
20211007-SP05F,20211007,2075,2080
20211007-SP07F,20211007,2075,2080
20211007-SP03M,20211007,2075,2080
20211007-SP03M,20211007,1465,1470
20211007-SP07F,20211007,1465,1470
20211007-SP01F,20211007,1465,1470
20221209-SP03M,20221209,2545,2550
20221209-SP02F,20221209,2545,2550
20221209-SP04F,20221209,2545,2550
20221209-SP09M,20221209,2710,2715
20221209-SP02F,20221209,2710,2715
20221209-SP07F,20221209,2710,2715
20221209-SP03M,20221209,2725,2730
20221209-SP06M,20221209,2725,2730
20221209-SP01F,20221209,2725,2730
20221209-SP02F,20221209,3355,3360
20221209-SP06M,20221209,3355,3360
20221209-SP07F,20221209,3355,3360
20221209-SP09M,20221209,2750,2755
20221209-SP07F,20221209,2750,2755
20221209-SP02F,20221209,2750,2755
20221209-SP09M,20221209,3280,3285
20221209-SP06M,20221209,3280,3285
20221209-SP04F,20221209,3280,3285
20221209-SP01F,20221209,3195,3200
20221209-SP04F,20221209,3195,3200
20221209-SP03M,20221209,3195,3200
20221209-SP06M,20221209,3275,3280
20221209-SP01F,20221209,3275,3280
20221209-SP03M,20221209,3275,3280
20221209-SP01F,20221209,40,45
20221209-SP07F,20221209,40,45
20221209-SP02F,20221209,40,45
20221209-SP04F,20221209,1185,1190
20221209-SP01F,20221209,1185,1190
20221209-SP03M,20221209,1185,1190
20221209-SP04F,20221209,3440,3445
20221209-SP03M,20221209,3440,3445
20221209-SP06M,20221209,3440,3445
20221209-SP03M,20221209,2935,2940
20221209-SP04F,20221209,2935,2940
20221209-SP02F,20221209,2935,2940
20221209-SP04F,20221209,1005,1010
20221209-SP05F,20221209,1005,1010
20221209-SP09M,20221209,1005,1010
20221209-SP04F,20221209,935,940
20221209-SP05F,20221209,935,940
20221209-SP07F,20221209,935,940
20221209-SP06M,20221209,825,830
20221209-SP05F,20221209,825,830
20221209-SP09M,20221209,825,830
20221209-SP05F,20221209,2725,2730
20221209-SP09M,20221209,2725,2730
20221209-SP02F,20221209,2725,2730
20221209-SP05F,20221209,710,715
20221209-SP04F,20221209,710,715
20221209-SP07F,20221209,710,715
20221209-SP02F,20221209,2740,2745
20221209-SP03M,20221209,2740,2745
20221209-SP05F,20221209,2740,2745
20221209-SP03M,20221209,2885,2890
20221209-SP04F,20221209,2885,2890
20221209-SP02F,20221209,2885,2890
20221209-SP09M,20221209,3530,3535
20221209-SP03M,20221209,3530,3535
20221209-SP04F,20221209,3530,3535
20221209-SP09M,20221209,550,555
20221209-SP04F,20221209,550,555
20221209-SP01F,20221209,550,555
20221209-SP01F,20221209,2805,2810
20221209-SP06M,20221209,2805,2810
20221209-SP09M,20221209,2805,2810
20221209-SP04F,20221209,1160,1165
20221209-SP03M,20221209,1160,1165
20221209-SP02F,20221209,1160,1165
20221209-SP09M,20221209,2800,2805
20221209-SP01F,20221209,2800,2805
20221209-SP06M,20221209,2800,2805
20221209-SP06M,20221209,3505,3510
20221209-SP03M,20221209,3505,3510
20221209-SP05F,20221209,3505,3510
20221209-SP04F,20221209,375,380
20221209-SP01F,20221209,375,380
20221209-SP05F,20221209,375,380
20221209-SP04F,20221209,745,750
20221209-SP05F,20221209,745,750
20221209-SP02F,20221209,745,750
20221209-SP03M,20221209,0,5
20221209-SP09M,20221209,0,5
20221209-SP06M,20221209,0,5
20221209-SP01F,20221209,355,360
20221209-SP03M,20221209,355,360
20221209-SP04F,20221209,355,360
20221209-SP03M,20221209,2530,2535
20221209-SP09M,20221209,2530,2535
20221209-SP04F,20221209,2530,2535
20221209-SP01F,20221209,740,745
20221209-SP09M,20221209,740,745
20221209-SP02F,20221209,740,745
20221209-SP02F,20221209,2705,2710
20221209-SP06M,20221209,2705,2710
20221209-SP09M,20221209,2705,2710
20221209-SP04F,20221209,3020,3025
20221209-SP06M,20221209,3020,3025
20221209-SP05F,20221209,3020,3025
20221209-SP04F,20221209,3105,3110
20221209-SP05F,20221209,3105,3110
20221209-SP07F,20221209,3105,3110
20221209-SP02F,20221209,0,5
20221209-SP01F,20221209,0,5
20221209-SP07F,20221209,0,5
20221209-SP09M,20221209,3395,3400
20221209-SP05F,20221209,3395,3400
20221209-SP06M,20221209,3395,3400
20221209-SP04F,20221209,2620,2625
20221209-SP01F,20221209,2620,2625
20221209-SP09M,20221209,2620,2625
20221209-SP07F,20221209,465,470
20221209-SP05F,20221209,465,470
20221209-SP01F,20221209,465,470
20221209-SP09M,20221209,3315,3320
20221209-SP02F,20221209,3315,3320
20221209-SP05F,20221209,3315,3320
20221209-SP02F,20221209,620,625
20221209-SP07F,20221209,620,625
20221209-SP06M,20221209,620,625
20221209-SP02F,20221209,2905,2910
20221209-SP05F,20221209,2905,2910
20221209-SP09M,20221209,2905,2910
20221209-SP02F,20221209,2940,2945
20221209-SP03M,20221209,2940,2945
20221209-SP07F,20221209,2940,2945
20221209-SP01F,20221209,3015,3020
20221209-SP02F,20221209,3015,3020
20221209-SP04F,20221209,3015,3020
20221209-SP05F,20221209,2920,2925
20221209-SP04F,20221209,2920,2925
20221209-SP02F,20221209,2920,2925
20221209-SP05F,20221209,2895,2900
20221209-SP09M,20221209,2895,2900
20221209-SP03M,20221209,2895,2900
20221209-SP04F,20221209,3115,3120
20221209-SP05F,20221209,3115,3120
20221209-SP01F,20221209,3115,3120
20221209-SP07F,20221209,930,935
20221209-SP09M,20221209,930,935
20221209-SP05F,20221209,930,935
20221209-SP05F,20221209,3520,3525
20221209-SP01F,20221209,3520,3525
20221209-SP07F,20221209,3520,3525
20221209-SP01F,20221209,2900,2905
20221209-SP05F,20221209,2900,2905
20221209-SP03M,20221209,2900,2905
20221209-SP05F,20221209,3265,3270
20221209-SP03M,20221209,3265,3270
20221209-SP09M,20221209,3265,3270
20221209-SP09M,20221209,210,215
20221209-SP07F,20221209,210,215
20221209-SP01F,20221209,210,215
20221209-SP06M,20221209,3425,3430
20221209-SP04F,20221209,3425,3430
20221209-SP03M,20221209,3425,3430
20221209-SP07F,20221209,215,220
20221209-SP05F,20221209,215,220
20221209-SP01F,20221209,215,220
20221209-SP09M,20221209,100,105
20221209-SP06M,20221209,100,105
20221209-SP04F,20221209,100,105
20221209-SP09M,20221209,205,210
20221209-SP06M,20221209,205,210
20221209-SP01F,20221209,205,210
20221209-SP07F,20221209,3200,3205
20221209-SP04F,20221209,3200,3205
20221209-SP09M,20221209,3200,3205
20221209-SP04F,20221209,0,5
20221209-SP06M,20221209,0,5
20221209-SP05F,20221209,0,5
20221209-SP09M,20221209,25,30
20221209-SP01F,20221209,25,30
20221209-SP07F,20221209,25,30
20221209-SP06M,20221209,675,680
20221209-SP07F,20221209,675,680
20221209-SP09M,20221209,675,680
20221209-SP05F,20221209,2645,2650
20221209-SP06M,20221209,2645,2650
20221209-SP04F,20221209,2645,2650
20221209-SP03M,20221209,1250,1255
20221209-SP05F,20221209,1250,1255
20221209-SP09M,20221209,1250,1255
20221209-SP01F,20221209,735,740
20221209-SP06M,20221209,735,740
20221209-SP02F,20221209,735,740
20221209-SP09M,20221209,1145,1150
20221209-SP02F,20221209,1145,1150
20221209-SP06M,20221209,1145,1150
20221209-SP09M,20221209,825,830
20221209-SP06M,20221209,825,830
20221209-SP02F,20221209,825,830
20221209-SP06M,20221209,835,840
20221209-SP07F,20221209,835,840
20221209-SP09M,20221209,835,840
20221209-SP03M,20221209,870,875
20221209-SP09M,20221209,870,875
20221209-SP07F,20221209,870,875
20221209-SP05F,20221209,555,560
20221209-SP09M,20221209,555,560
20221209-SP01F,20221209,555,560
20221209-SP03M,20221209,95,100
20221209-SP06M,20221209,95,100
20221209-SP01F,20221209,95,100
20221209-SP07F,20221209,875,880
20221209-SP06M,20221209,875,880
20221209-SP05F,20221209,875,880
20221209-SP07F,20221209,705,710
20221209-SP06M,20221209,705,710
20221209-SP02F,20221209,705,710
20221209-SP03M,20221209,360,365
20221209-SP06M,20221209,360,365
20221209-SP02F,20221209,360,365
20221209-SP01F,20221209,855,860
20221209-SP03M,20221209,855,860
20221209-SP02F,20221209,855,860
20221209-SP04F,20221209,710,715
20221209-SP06M,20221209,710,715
20221209-SP03M,20221209,710,715
20221209-SP04F,20221209,2820,2825
20221209-SP02F,20221209,2820,2825
20221209-SP05F,20221209,2820,2825
20221209-SP02F,20221209,845,850
20221209-SP06M,20221209,845,850
20221209-SP04F,20221209,845,850
20221209-SP06M,20221209,655,660
20221209-SP03M,20221209,655,660
20221209-SP02F,20221209,655,660
20221209-SP07F,20221209,725,730
20221209-SP04F,20221209,725,730
20221209-SP01F,20221209,725,730
20221209-SP05F,20221209,2775,2780
20221209-SP06M,20221209,2775,2780
20221209-SP04F,20221209,2775,2780
20221209-SP03M,20221209,580,585
20221209-SP01F,20221209,580,585
20221209-SP06M,20221209,580,585
20221209-SP07F,20221209,730,735
20221209-SP01F,20221209,730,735
20221209-SP04F,20221209,730,735
20230310-SP06M,20230310,1425,1430
20230310-SP02F,20230310,1425,1430
20230310-SP03M,20230310,1425,1430
20230310-SP01F,20230310,535,540
20230310-SP05F,20230310,535,540
20230310-SP03M,20230310,535,540
20230310-SP02F,20230310,655,660
20230310-SP06M,20230310,655,660
20230310-SP05F,20230310,655,660
20230310-SP06M,20230310,1285,1290
20230310-SP07F,20230310,1285,1290
20230310-SP01F,20230310,1285,1290
20230310-SP01F,20230310,1250,1255
20230310-SP02F,20230310,1250,1255
20230310-SP06M,20230310,1250,1255
20230310-SP05F,20230310,1530,1535
20230310-SP02F,20230310,1530,1535
20230310-SP01F,20230310,1530,1535
20230310-SP05F,20230310,255,260
20230310-SP06M,20230310,255,260
20230310-SP07F,20230310,255,260
20230310-SP01F,20230310,175,180
20230310-SP07F,20230310,175,180
20230310-SP02F,20230310,175,180
20230310-SP05F,20230310,1200,1205
20230310-SP01F,20230310,1200,1205
20230310-SP07F,20230310,1200,1205
20230310-SP03M,20230310,1380,1385
20230310-SP07F,20230310,1380,1385
20230310-SP05F,20230310,1380,1385
20230310-SP06M,20230310,885,890
20230310-SP02F,20230310,885,890
20230310-SP04F,20230310,885,890
20230310-SP07F,20230310,370,375
20230310-SP02F,20230310,370,375
20230310-SP06M,20230310,370,375
20230310-SP02F,20230310,940,945
20230310-SP04F,20230310,940,945
20230310-SP07F,20230310,940,945
20230310-SP04F,20230310,880,885
20230310-SP02F,20230310,880,885
20230310-SP07F,20230310,880,885
20230310-SP03M,20230310,1160,1165
20230310-SP05F,20230310,1160,1165
20230310-SP02F,20230310,1160,1165
20230310-SP02F,20230310,1045,1050
20230310-SP06M,20230310,1045,1050
20230310-SP01F,20230310,1045,1050
20230310-SP01F,20230310,730,735
20230310-SP02F,20230310,730,735
20230310-SP03M,20230310,730,735
20230310-SP02F,20230310,1200,1205
20230310-SP03M,20230310,1200,1205
20230310-SP07F,20230310,1200,1205
20230310-SP04F,20230310,890,895
20230310-SP06M,20230310,890,895
20230310-SP01F,20230310,890,895
20230310-SP01F,20230310,280,285
20230310-SP07F,20230310,280,285
20230310-SP03M,20230310,280,285
20230310-SP04F,20230310,830,835
20230310-SP01F,20230310,830,835
20230310-SP06M,20230310,830,835
20230310-SP03M,20230310,920,925
20230310-SP02F,20230310,920,925
20230310-SP04F,20230310,920,925
20230310-SP01F,20230310,405,410
20230310-SP06M,20230310,405,410
20230310-SP04F,20230310,405,410
20230310-SP06M,20230310,820,825
20230310-SP02F,20230310,820,825
20230310-SP01F,20230310,820,825
20230310-SP06M,20230310,695,700
20230310-SP02F,20230310,695,700
20230310-SP04F,20230310,695,700
20230310-SP07F,20230310,690,695
20230310-SP01F,20230310,690,695
20230310-SP06M,20230310,690,695
20230310-SP04F,20230310,115,120
20230310-SP01F,20230310,115,120
20230310-SP05F,20230310,115,120
20230310-SP01F,20230310,1065,1070
20230310-SP04F,20230310,1065,1070
20230310-SP03M,20230310,1065,1070
20230310-SP03M,20230310,200,205
20230310-SP05F,20230310,200,205
20230310-SP06M,20230310,200,205
20230310-SP06M,20230310,360,365
20230310-SP03M,20230310,360,365
20230310-SP04F,20230310,360,365
20230310-SP03M,20230310,1170,1175
20230310-SP06M,20230310,1170,1175
20230310-SP04F,20230310,1170,1175
20230310-SP01F,20230310,25,30
20230310-SP07F,20230310,25,30
20230310-SP04F,20230310,25,30
20230310-SP03M,20230310,1610,1615
20230310-SP04F,20230310,1610,1615
20230310-SP05F,20230310,1610,1615
20230310-SP04F,20230310,20,25
20230310-SP01F,20230310,20,25
20230310-SP07F,20230310,20,25
20230310-SP07F,20230310,455,460
20230310-SP06M,20230310,455,460
20230310-SP05F,20230310,455,460
20230310-SP04F,20230310,995,1000
20230310-SP03M,20230310,995,1000
20230310-SP05F,20230310,995,1000
20230310-SP05F,20230310,20,25
20230310-SP02F,20230310,20,25
20230310-SP01F,20230310,20,25
20230310-SP06M,20230310,510,515
20230310-SP03M,20230310,510,515
20230310-SP01F,20230310,510,515
20230310-SP04F,20230310,650,655
20230310-SP02F,20230310,650,655
20230310-SP03M,20230310,650,655
20230310-SP05F,20230310,1415,1420
20230310-SP04F,20230310,1415,1420
20230310-SP01F,20230310,1415,1420
20230310-SP02F,20230310,485,490
20230310-SP01F,20230310,485,490
20230310-SP03M,20230310,485,490
20230310-SP03M,20230310,990,995
20230310-SP06M,20230310,990,995
20230310-SP02F,20230310,990,995
20230310-SP04F,20230310,1375,1380
20230310-SP06M,20230310,1375,1380
20230310-SP05F,20230310,1375,1380
20230310-SP06M,20230310,785,790
20230310-SP05F,20230310,785,790
20230310-SP01F,20230310,785,790
20230310-SP04F,20230310,810,815
20230310-SP01F,20230310,810,815
20230310-SP03M,20230310,810,815
20230310-SP01F,20230310,190,195
20230310-SP05F,20230310,190,195
20230310-SP06M,20230310,190,195
20230310-SP05F,20230310,205,210
20230310-SP07F,20230310,205,210
20230310-SP04F,20230310,205,210
20230310-SP07F,20230310,180,185
20230310-SP04F,20230310,180,185
20230310-SP05F,20230310,180,185
20230310-SP05F,20230310,255,260
20230310-SP01F,20230310,255,260
20230310-SP06M,20230310,255,260
20230310-SP02F,20230310,165,170
20230310-SP06M,20230310,165,170
20230310-SP04F,20230310,165,170
20230310-SP05F,20230310,135,140
20230310-SP02F,20230310,135,140
20230310-SP06M,20230310,135,140
20230310-SP07F,20230310,75,80
20230310-SP01F,20230310,75,80
20230310-SP06M,20230310,75,80
20230310-SP07F,20230310,30,35
20230310-SP02F,20230310,30,35
20230310-SP01F,20230310,30,35
20230310-SP07F,20230310,40,45
20230310-SP01F,20230310,40,45
20230310-SP04F,20230310,40,45
20230310-SP06M,20230310,45,50
20230310-SP05F,20230310,45,50
20230310-SP04F,20230310,45,50
20230310-SP07F,20230310,1520,1525
20230310-SP02F,20230310,1520,1525
20230310-SP03M,20230310,1520,1525
20230310-SP07F,20230310,0,5
20230310-SP05F,20230310,0,5
20230310-SP01F,20230310,0,5
20230310-SP05F,20230310,505,510
20230310-SP07F,20230310,505,510
20230310-SP03M,20230310,505,510
20230310-SP07F,20230310,905,910
20230310-SP01F,20230310,905,910
20230310-SP03M,20230310,905,910
20230310-SP04F,20230310,1555,1560
20230310-SP01F,20230310,1555,1560
20230310-SP07F,20230310,1555,1560
20230310-SP04F,20230310,1270,1275
20230310-SP07F,20230310,1270,1275
20230310-SP03M,20230310,1270,1275
20230310-SP04F,20230310,690,695
20230310-SP01F,20230310,690,695
20230310-SP07F,20230310,690,695
20230310-SP07F,20230310,895,900
20230310-SP04F,20230310,895,900
20230310-SP03M,20230310,895,900
20230310-SP02F,20230310,1165,1170
20230310-SP05F,20230310,1165,1170
20230310-SP07F,20230310,1165,1170
20230310-SP02F,20230310,1625,1630
20230310-SP05F,20230310,1625,1630
20230310-SP01F,20230310,1625,1630
20211007-SP07F,20211007,50,55
20211007-SP01F,20211007,50,55
20211007-SP04F,20211007,50,55
20211007-SP01F,20211007,2870,2875
20211007-SP07F,20211007,2870,2875
20211007-SP04F,20211007,2870,2875
20211007-SP04F,20211007,3415,3420
20211007-SP01F,20211007,3415,3420
20211007-SP07F,20211007,3415,3420
20211007-SP04F,20211007,2175,2180
20211007-SP01F,20211007,2175,2180
20211007-SP05F,20211007,2175,2180
20211007-SP01F,20211007,3375,3380
20211007-SP05F,20211007,3375,3380
20211007-SP07F,20211007,3375,3380
20211007-SP05F,20211007,2795,2800
20211007-SP07F,20211007,2795,2800
20211007-SP04F,20211007,2795,2800
20211007-SP05F,20211007,2915,2920
20211007-SP07F,20211007,2915,2920
20211007-SP04F,20211007,2915,2920
20211007-SP01F,20211007,2510,2515
20211007-SP05F,20211007,2510,2515
20211007-SP07F,20211007,2510,2515
20211007-SP04F,20211007,2200,2205
20211007-SP05F,20211007,2200,2205
20211007-SP01F,20211007,2200,2205
20211007-SP07F,20211007,3085,3090
20211007-SP01F,20211007,3085,3090
20211007-SP05F,20211007,3085,3090
20220916-SP01F,20220916,200,205
20220916-SP07F,20220916,200,205
20220916-SP04F,20220916,200,205
20220916-SP01F,20220916,285,290
20220916-SP04F,20220916,285,290
20220916-SP07F,20220916,285,290
20220916-SP01F,20220916,245,250
20220916-SP03M,20220916,245,250
20220916-SP04F,20220916,245,250
20220916-SP07F,20220916,180,185
20220916-SP03M,20220916,180,185
20220916-SP04F,20220916,180,185
20220916-SP03M,20220916,0,5
20220916-SP01F,20220916,0,5
20220916-SP04F,20220916,0,5
20220916-SP04F,20220916,175,180
20220916-SP07F,20220916,175,180
20220916-SP01F,20220916,175,180
20220916-SP03M,20220916,125,130
20220916-SP01F,20220916,125,130
20220916-SP07F,20220916,125,130
20220916-SP07F,20220916,185,190
20220916-SP01F,20220916,185,190
20220916-SP03M,20220916,185,190
20220916-SP01F,20220916,60,65
20220916-SP04F,20220916,60,65
20220916-SP03M,20220916,60,65
20220916-SP07F,20220916,265,270
20220916-SP03M,20220916,265,270
20220916-SP04F,20220916,265,270
20220916-SP03M,20220916,650,655
20220916-SP04F,20220916,650,655
20220916-SP05F,20220916,650,655
20220916-SP04F,20220916,345,350
20220916-SP07F,20220916,345,350
20220916-SP03M,20220916,345,350
20220916-SP07F,20220916,690,695
20220916-SP03M,20220916,690,695
20220916-SP04F,20220916,690,695
20220916-SP07F,20220916,350,355
20220916-SP03M,20220916,350,355
20220916-SP05F,20220916,350,355
20220916-SP03M,20220916,375,380
20220916-SP07F,20220916,375,380
20220916-SP04F,20220916,375,380
20220916-SP07F,20220916,755,760
20220916-SP04F,20220916,755,760
20220916-SP05F,20220916,755,760
20220916-SP07F,20220916,380,385
20220916-SP05F,20220916,380,385
20220916-SP04F,20220916,380,385
20220916-SP07F,20220916,425,430
20220916-SP03M,20220916,425,430
20220916-SP05F,20220916,425,430
20220916-SP07F,20220916,185,190
20220916-SP04F,20220916,185,190
20220916-SP03M,20220916,185,190
20220916-SP04F,20220916,695,700
20220916-SP03M,20220916,695,700
20220916-SP07F,20220916,695,700
20220916-SP05F,20220916,0,5
20220916-SP01F,20220916,0,5
20220916-SP07F,20220916,0,5
20220916-SP04F,20220916,725,730
20220916-SP07F,20220916,725,730
20220916-SP05F,20220916,725,730
20220916-SP04F,20220916,335,340
20220916-SP01F,20220916,335,340
20220916-SP05F,20220916,335,340
20220916-SP04F,20220916,710,715
20220916-SP05F,20220916,710,715
20220916-SP07F,20220916,710,715
20220916-SP04F,20220916,450,455
20220916-SP01F,20220916,450,455
20220916-SP05F,20220916,450,455
20220916-SP01F,20220916,480,485
20220916-SP05F,20220916,480,485
20220916-SP04F,20220916,480,485
20220916-SP05F,20220916,0,5
20220916-SP03M,20220916,0,5
20220916-SP01F,20220916,0,5
20220916-SP01F,20220916,250,255
20220916-SP05F,20220916,250,255
20220916-SP07F,20220916,250,255
20220916-SP01F,20220916,475,480
20220916-SP03M,20220916,475,480
20220916-SP05F,20220916,475,480
20220916-SP01F,20220916,30,35
20220916-SP07F,20220916,30,35
20220916-SP05F,20220916,30,35
20220916-SP01F,20220916,500,505
20220916-SP05F,20220916,500,505
20220916-SP07F,20220916,500,505
20220916-SP01F,20220916,505,510
20220916-SP05F,20220916,505,510
20220916-SP03M,20220916,505,510
20220916-SP07F,20220916,535,540
20220916-SP05F,20220916,535,540
20220916-SP01F,20220916,535,540
20220916-SP01F,20220916,450,455
20220916-SP03M,20220916,450,455
20220916-SP05F,20220916,450,455
20220916-SP01F,20220916,710,715
20220916-SP03M,20220916,710,715
20220916-SP05F,20220916,710,715
20220916-SP01F,20220916,235,240
20220916-SP07F,20220916,235,240
20220916-SP05F,20220916,235,240
20220916-SP03M,20220916,170,175
20220916-SP04F,20220916,170,175
20220916-SP05F,20220916,170,175
20220916-SP03M,20220916,0,5
20220916-SP05F,20220916,0,5
20220916-SP01F,20220916,0,5
20220916-SP05F,20220916,235,240
20220916-SP01F,20220916,235,240
20220916-SP04F,20220916,235,240
20220916-SP04F,20220916,5,10
20220916-SP05F,20220916,5,10
20220916-SP01F,20220916,5,10
20220916-SP04F,20220916,260,265
20220916-SP05F,20220916,260,265
20220916-SP03M,20220916,260,265
